[ {
  "invoked" : 26,
  "entryPoint" : "h11.Artist#getAllGenres()",
  "arguments" : [ ],
  "calls" : [ {
    "id" : 21,
    "methodCalls" : [ {
      "methodName" : "genre",
      "invocations" : [ {
        "return" : 1,
        "parameter" : [ ]
      } ]
    } ]
  }, {
    "id" : 23,
    "methodCalls" : [ {
      "methodName" : "genre",
      "invocations" : [ {
        "return" : 1,
        "parameter" : [ ]
      } ]
    } ]
  } ],
  "objects" : [ {
    "type" : "h11.Artist",
    "fields" : [ {
      "name" : "name",
      "type" : "java.lang.String",
      "value" : "Artist 6",
      "id" : 24
    }, {
      "name" : "albums",
      "type" : "java.util.ArrayList",
      "value" : [ {
        "type" : "h11.Album",
        "fields" : [ {
          "name" : "title",
          "type" : "java.lang.String",
          "value" : "Album 7",
          "id" : 22
        }, {
          "name" : "genre",
          "type" : "h11.Genre",
          "value" : "ALTERNATIVE",
          "id" : 1
        }, {
          "name" : "songs",
          "type" : "java.util.ArrayList",
          "value" : [ {
            "type" : "h11.Song",
            "fields" : [ {
              "name" : "title",
              "type" : "java.lang.String",
              "value" : "Song 1",
              "id" : 2
            }, {
              "name" : "durationInSeconds",
              "type" : "java.lang.Integer",
              "value" : "100",
              "id" : 3
            } ],
            "id" : 4
          }, {
            "type" : "h11.Song",
            "fields" : [ {
              "name" : "title",
              "type" : "java.lang.String",
              "value" : "Song 2",
              "id" : 5
            }, {
              "name" : "durationInSeconds",
              "type" : "java.lang.Integer",
              "value" : "200",
              "id" : 6
            } ],
            "id" : 7
          }, {
            "type" : "h11.Song",
            "fields" : [ {
              "name" : "title",
              "type" : "java.lang.String",
              "value" : "Song 3",
              "id" : 8
            }, {
              "name" : "durationInSeconds",
              "type" : "java.lang.Integer",
              "value" : "300",
              "id" : 9
            } ],
            "id" : 10
          }, {
            "type" : "h11.Song",
            "fields" : [ {
              "name" : "title",
              "type" : "java.lang.String",
              "value" : "Song 4",
              "id" : 11
            }, {
              "name" : "durationInSeconds",
              "type" : "java.lang.Integer",
              "value" : "400",
              "id" : 12
            } ],
            "id" : 13
          }, {
            "type" : "h11.Song",
            "fields" : [ {
              "name" : "title",
              "type" : "java.lang.String",
              "value" : "Song 5",
              "id" : 14
            }, {
              "name" : "durationInSeconds",
              "type" : "java.lang.Integer",
              "value" : "0",
              "id" : 15
            } ],
            "id" : 16
          }, {
            "type" : "h11.Song",
            "fields" : [ {
              "name" : "title",
              "type" : "java.lang.String",
              "value" : "Song 6",
              "id" : 17
            }, {
              "name" : "durationInSeconds",
              "type" : "java.lang.Integer",
              "value" : "500",
              "id" : 18
            } ],
            "id" : 19
          } ],
          "id" : 20
        } ],
        "id" : 23
      }, {
        "type" : "h11.Album",
        "fields" : [ {
          "name" : "title",
          "type" : "java.lang.String",
          "value" : "Album 8",
          "id" : 0
        }, {
          "name" : "genre",
          "type" : "h11.Genre",
          "value" : "ALTERNATIVE",
          "id" : 1
        }, {
          "name" : "songs",
          "type" : "java.util.ArrayList",
          "value" : [ {
            "type" : "h11.Song",
            "fields" : [ {
              "name" : "title",
              "type" : "java.lang.String",
              "value" : "Song 1",
              "id" : 2
            }, {
              "name" : "durationInSeconds",
              "type" : "java.lang.Integer",
              "value" : "100",
              "id" : 3
            } ],
            "id" : 4
          }, {
            "type" : "h11.Song",
            "fields" : [ {
              "name" : "title",
              "type" : "java.lang.String",
              "value" : "Song 2",
              "id" : 5
            }, {
              "name" : "durationInSeconds",
              "type" : "java.lang.Integer",
              "value" : "200",
              "id" : 6
            } ],
            "id" : 7
          }, {
            "type" : "h11.Song",
            "fields" : [ {
              "name" : "title",
              "type" : "java.lang.String",
              "value" : "Song 3",
              "id" : 8
            }, {
              "name" : "durationInSeconds",
              "type" : "java.lang.Integer",
              "value" : "300",
              "id" : 9
            } ],
            "id" : 10
          }, {
            "type" : "h11.Song",
            "fields" : [ {
              "name" : "title",
              "type" : "java.lang.String",
              "value" : "Song 4",
              "id" : 11
            }, {
              "name" : "durationInSeconds",
              "type" : "java.lang.Integer",
              "value" : "400",
              "id" : 12
            } ],
            "id" : 13
          }, {
            "type" : "h11.Song",
            "fields" : [ {
              "name" : "title",
              "type" : "java.lang.String",
              "value" : "Song 5",
              "id" : 14
            }, {
              "name" : "durationInSeconds",
              "type" : "java.lang.Integer",
              "value" : "0",
              "id" : 15
            } ],
            "id" : 16
          }, {
            "type" : "h11.Song",
            "fields" : [ {
              "name" : "title",
              "type" : "java.lang.String",
              "value" : "Song 6",
              "id" : 17
            }, {
              "name" : "durationInSeconds",
              "type" : "java.lang.Integer",
              "value" : "500",
              "id" : 18
            } ],
            "id" : 19
          } ],
          "id" : 20
        } ],
        "id" : 21
      } ],
      "id" : 25
    } ],
    "id" : 26
  } ],
  "expected" : {
    "type" : "java.util.ImmutableCollections$ListN",
    "value" : [ {
      "type" : "h11.Genre",
      "value" : "ALTERNATIVE"
    } ]
  }
} ]