[ {
  "invoked" : 38,
  "entryPoint" : "h11.MusicStreaming#generateRandomPlaylist()",
  "arguments" : [ ],
  "calls" : [ ],
  "objects" : [ {
    "type" : "h11.MusicStreaming",
    "fields" : [ {
      "name" : "artists",
      "type" : "java.util.ArrayList",
      "value" : [ {
        "type" : "h11.Artist",
        "fields" : [ {
          "name" : "name",
          "type" : "java.lang.String",
          "value" : "Artist 6",
          "id" : 0
        }, {
          "name" : "albums",
          "type" : "java.util.ArrayList",
          "value" : [ {
            "type" : "h11.Album",
            "fields" : [ {
              "name" : "title",
              "type" : "java.lang.String",
              "value" : "Album 7",
              "id" : 1
            }, {
              "name" : "genre",
              "type" : "h11.Genre",
              "value" : "ALTERNATIVE",
              "id" : 2
            }, {
              "name" : "songs",
              "type" : "java.util.ArrayList",
              "value" : [ {
                "type" : "h11.Song",
                "fields" : [ {
                  "name" : "title",
                  "type" : "java.lang.String",
                  "value" : "Song 1",
                  "id" : 3
                }, {
                  "name" : "durationInSeconds",
                  "type" : "java.lang.Integer",
                  "value" : "100",
                  "id" : 4
                } ],
                "id" : 5
              }, {
                "type" : "h11.Song",
                "fields" : [ {
                  "name" : "title",
                  "type" : "java.lang.String",
                  "value" : "Song 2",
                  "id" : 6
                }, {
                  "name" : "durationInSeconds",
                  "type" : "java.lang.Integer",
                  "value" : "200",
                  "id" : 7
                } ],
                "id" : 8
              }, {
                "type" : "h11.Song",
                "fields" : [ {
                  "name" : "title",
                  "type" : "java.lang.String",
                  "value" : "Song 3",
                  "id" : 9
                }, {
                  "name" : "durationInSeconds",
                  "type" : "java.lang.Integer",
                  "value" : "300",
                  "id" : 10
                } ],
                "id" : 11
              }, {
                "type" : "h11.Song",
                "fields" : [ {
                  "name" : "title",
                  "type" : "java.lang.String",
                  "value" : "Song 4",
                  "id" : 12
                }, {
                  "name" : "durationInSeconds",
                  "type" : "java.lang.Integer",
                  "value" : "400",
                  "id" : 13
                } ],
                "id" : 14
              }, {
                "type" : "h11.Song",
                "fields" : [ {
                  "name" : "title",
                  "type" : "java.lang.String",
                  "value" : "Song 5",
                  "id" : 15
                }, {
                  "name" : "durationInSeconds",
                  "type" : "java.lang.Integer",
                  "value" : "0",
                  "id" : 16
                } ],
                "id" : 17
              }, {
                "type" : "h11.Song",
                "fields" : [ {
                  "name" : "title",
                  "type" : "java.lang.String",
                  "value" : "Song 6",
                  "id" : 18
                }, {
                  "name" : "durationInSeconds",
                  "type" : "java.lang.Integer",
                  "value" : "500",
                  "id" : 19
                } ],
                "id" : 20
              } ],
              "id" : 21
            } ],
            "id" : 22
          }, {
            "type" : "h11.Album",
            "fields" : [ {
              "name" : "title",
              "type" : "java.lang.String",
              "value" : "Album 8",
              "id" : 23
            }, {
              "name" : "genre",
              "type" : "h11.Genre",
              "value" : "ALTERNATIVE",
              "id" : 2
            }, {
              "name" : "songs",
              "type" : "java.util.ArrayList",
              "value" : [ {
                "type" : "h11.Song",
                "fields" : [ {
                  "name" : "title",
                  "type" : "java.lang.String",
                  "value" : "Song 1",
                  "id" : 3
                }, {
                  "name" : "durationInSeconds",
                  "type" : "java.lang.Integer",
                  "value" : "100",
                  "id" : 4
                } ],
                "id" : 5
              }, {
                "type" : "h11.Song",
                "fields" : [ {
                  "name" : "title",
                  "type" : "java.lang.String",
                  "value" : "Song 2",
                  "id" : 6
                }, {
                  "name" : "durationInSeconds",
                  "type" : "java.lang.Integer",
                  "value" : "200",
                  "id" : 7
                } ],
                "id" : 8
              }, {
                "type" : "h11.Song",
                "fields" : [ {
                  "name" : "title",
                  "type" : "java.lang.String",
                  "value" : "Song 3",
                  "id" : 9
                }, {
                  "name" : "durationInSeconds",
                  "type" : "java.lang.Integer",
                  "value" : "300",
                  "id" : 10
                } ],
                "id" : 11
              }, {
                "type" : "h11.Song",
                "fields" : [ {
                  "name" : "title",
                  "type" : "java.lang.String",
                  "value" : "Song 4",
                  "id" : 12
                }, {
                  "name" : "durationInSeconds",
                  "type" : "java.lang.Integer",
                  "value" : "400",
                  "id" : 13
                } ],
                "id" : 14
              }, {
                "type" : "h11.Song",
                "fields" : [ {
                  "name" : "title",
                  "type" : "java.lang.String",
                  "value" : "Song 5",
                  "id" : 15
                }, {
                  "name" : "durationInSeconds",
                  "type" : "java.lang.Integer",
                  "value" : "0",
                  "id" : 16
                } ],
                "id" : 17
              }, {
                "type" : "h11.Song",
                "fields" : [ {
                  "name" : "title",
                  "type" : "java.lang.String",
                  "value" : "Song 6",
                  "id" : 18
                }, {
                  "name" : "durationInSeconds",
                  "type" : "java.lang.Integer",
                  "value" : "500",
                  "id" : 19
                } ],
                "id" : 20
              } ],
              "id" : 21
            } ],
            "id" : 24
          } ],
          "id" : 25
        } ],
        "id" : 26
      }, {
        "type" : "h11.Artist",
        "fields" : [ {
          "name" : "name",
          "type" : "java.lang.String",
          "value" : "Artist 7",
          "id" : 27
        }, {
          "name" : "albums",
          "type" : "java.util.ArrayList",
          "value" : [ {
            "type" : "h11.Album",
            "fields" : [ {
              "name" : "title",
              "type" : "java.lang.String",
              "value" : "Album 8",
              "id" : 23
            }, {
              "name" : "genre",
              "type" : "h11.Genre",
              "value" : "ALTERNATIVE",
              "id" : 2
            }, {
              "name" : "songs",
              "type" : "java.util.ArrayList",
              "value" : [ {
                "type" : "h11.Song",
                "fields" : [ {
                  "name" : "title",
                  "type" : "java.lang.String",
                  "value" : "Song 1",
                  "id" : 3
                }, {
                  "name" : "durationInSeconds",
                  "type" : "java.lang.Integer",
                  "value" : "100",
                  "id" : 4
                } ],
                "id" : 5
              }, {
                "type" : "h11.Song",
                "fields" : [ {
                  "name" : "title",
                  "type" : "java.lang.String",
                  "value" : "Song 2",
                  "id" : 6
                }, {
                  "name" : "durationInSeconds",
                  "type" : "java.lang.Integer",
                  "value" : "200",
                  "id" : 7
                } ],
                "id" : 8
              }, {
                "type" : "h11.Song",
                "fields" : [ {
                  "name" : "title",
                  "type" : "java.lang.String",
                  "value" : "Song 3",
                  "id" : 9
                }, {
                  "name" : "durationInSeconds",
                  "type" : "java.lang.Integer",
                  "value" : "300",
                  "id" : 10
                } ],
                "id" : 11
              }, {
                "type" : "h11.Song",
                "fields" : [ {
                  "name" : "title",
                  "type" : "java.lang.String",
                  "value" : "Song 4",
                  "id" : 12
                }, {
                  "name" : "durationInSeconds",
                  "type" : "java.lang.Integer",
                  "value" : "400",
                  "id" : 13
                } ],
                "id" : 14
              }, {
                "type" : "h11.Song",
                "fields" : [ {
                  "name" : "title",
                  "type" : "java.lang.String",
                  "value" : "Song 5",
                  "id" : 15
                }, {
                  "name" : "durationInSeconds",
                  "type" : "java.lang.Integer",
                  "value" : "0",
                  "id" : 16
                } ],
                "id" : 17
              }, {
                "type" : "h11.Song",
                "fields" : [ {
                  "name" : "title",
                  "type" : "java.lang.String",
                  "value" : "Song 6",
                  "id" : 18
                }, {
                  "name" : "durationInSeconds",
                  "type" : "java.lang.Integer",
                  "value" : "500",
                  "id" : 19
                } ],
                "id" : 20
              } ],
              "id" : 21
            } ],
            "id" : 24
          }, {
            "type" : "h11.Album",
            "fields" : [ {
              "name" : "title",
              "type" : "java.lang.String",
              "value" : "Album 9",
              "id" : 28
            }, {
              "name" : "genre",
              "type" : "h11.Genre",
              "value" : "COUNTRY",
              "id" : 29
            }, {
              "name" : "songs",
              "type" : "java.util.ArrayList",
              "value" : [ {
                "type" : "h11.Song",
                "fields" : [ {
                  "name" : "title",
                  "type" : "java.lang.String",
                  "value" : "Song 1",
                  "id" : 3
                }, {
                  "name" : "durationInSeconds",
                  "type" : "java.lang.Integer",
                  "value" : "100",
                  "id" : 4
                } ],
                "id" : 5
              }, {
                "type" : "h11.Song",
                "fields" : [ {
                  "name" : "title",
                  "type" : "java.lang.String",
                  "value" : "Song 2",
                  "id" : 6
                }, {
                  "name" : "durationInSeconds",
                  "type" : "java.lang.Integer",
                  "value" : "200",
                  "id" : 7
                } ],
                "id" : 8
              }, {
                "type" : "h11.Song",
                "fields" : [ {
                  "name" : "title",
                  "type" : "java.lang.String",
                  "value" : "Song 3",
                  "id" : 9
                }, {
                  "name" : "durationInSeconds",
                  "type" : "java.lang.Integer",
                  "value" : "300",
                  "id" : 10
                } ],
                "id" : 11
              }, {
                "type" : "h11.Song",
                "fields" : [ {
                  "name" : "title",
                  "type" : "java.lang.String",
                  "value" : "Song 4",
                  "id" : 12
                }, {
                  "name" : "durationInSeconds",
                  "type" : "java.lang.Integer",
                  "value" : "400",
                  "id" : 13
                } ],
                "id" : 14
              }, {
                "type" : "h11.Song",
                "fields" : [ {
                  "name" : "title",
                  "type" : "java.lang.String",
                  "value" : "Song 5",
                  "id" : 15
                }, {
                  "name" : "durationInSeconds",
                  "type" : "java.lang.Integer",
                  "value" : "0",
                  "id" : 16
                } ],
                "id" : 17
              }, {
                "type" : "h11.Song",
                "fields" : [ {
                  "name" : "title",
                  "type" : "java.lang.String",
                  "value" : "Song 6",
                  "id" : 18
                }, {
                  "name" : "durationInSeconds",
                  "type" : "java.lang.Integer",
                  "value" : "500",
                  "id" : 19
                } ],
                "id" : 20
              } ],
              "id" : 21
            } ],
            "id" : 30
          }, {
            "type" : "h11.Album",
            "fields" : [ {
              "name" : "title",
              "type" : "java.lang.String",
              "value" : "Album 10",
              "id" : 31
            }, {
              "name" : "genre",
              "type" : "h11.Genre",
              "value" : "DANCE",
              "id" : 32
            }, {
              "name" : "songs",
              "type" : "java.util.ArrayList",
              "value" : [ {
                "type" : "h11.Song",
                "fields" : [ {
                  "name" : "title",
                  "type" : "java.lang.String",
                  "value" : "Song 1",
                  "id" : 3
                }, {
                  "name" : "durationInSeconds",
                  "type" : "java.lang.Integer",
                  "value" : "100",
                  "id" : 4
                } ],
                "id" : 5
              }, {
                "type" : "h11.Song",
                "fields" : [ {
                  "name" : "title",
                  "type" : "java.lang.String",
                  "value" : "Song 2",
                  "id" : 6
                }, {
                  "name" : "durationInSeconds",
                  "type" : "java.lang.Integer",
                  "value" : "200",
                  "id" : 7
                } ],
                "id" : 8
              }, {
                "type" : "h11.Song",
                "fields" : [ {
                  "name" : "title",
                  "type" : "java.lang.String",
                  "value" : "Song 3",
                  "id" : 9
                }, {
                  "name" : "durationInSeconds",
                  "type" : "java.lang.Integer",
                  "value" : "300",
                  "id" : 10
                } ],
                "id" : 11
              }, {
                "type" : "h11.Song",
                "fields" : [ {
                  "name" : "title",
                  "type" : "java.lang.String",
                  "value" : "Song 4",
                  "id" : 12
                }, {
                  "name" : "durationInSeconds",
                  "type" : "java.lang.Integer",
                  "value" : "400",
                  "id" : 13
                } ],
                "id" : 14
              }, {
                "type" : "h11.Song",
                "fields" : [ {
                  "name" : "title",
                  "type" : "java.lang.String",
                  "value" : "Song 5",
                  "id" : 15
                }, {
                  "name" : "durationInSeconds",
                  "type" : "java.lang.Integer",
                  "value" : "0",
                  "id" : 16
                } ],
                "id" : 17
              }, {
                "type" : "h11.Song",
                "fields" : [ {
                  "name" : "title",
                  "type" : "java.lang.String",
                  "value" : "Song 6",
                  "id" : 18
                }, {
                  "name" : "durationInSeconds",
                  "type" : "java.lang.Integer",
                  "value" : "500",
                  "id" : 19
                } ],
                "id" : 20
              } ],
              "id" : 21
            } ],
            "id" : 33
          } ],
          "id" : 34
        } ],
        "id" : 35
      } ],
      "id" : 36
    }, {
      "name" : "users",
      "type" : "java.util.ArrayList",
      "value" : [ ],
      "id" : 37
    } ],
    "id" : 38
  } ],
  "expected" : {
    "type" : "java.util.stream.ReferencePipeline$Head",
    "fields" : [ ]
  }
}, {
  "invoked" : 14,
  "entryPoint" : "h11.MusicStreaming#generateRandomPlaylist()",
  "arguments" : [ ],
  "calls" : [ ],
  "objects" : [ {
    "type" : "h11.MusicStreaming",
    "fields" : [ {
      "name" : "artists",
      "type" : "java.util.ArrayList",
      "value" : [ {
        "type" : "h11.Artist",
        "fields" : [ {
          "name" : "name",
          "type" : "java.lang.String",
          "value" : "",
          "id" : 0
        }, {
          "name" : "albums",
          "type" : "java.util.ArrayList",
          "value" : [ {
            "type" : "h11.Album",
            "fields" : [ {
              "name" : "title",
              "type" : "java.lang.String",
              "value" : "",
              "id" : 0
            }, {
              "name" : "genre",
              "type" : "h11.Genre",
              "value" : "LATIN",
              "id" : 1
            }, {
              "name" : "songs",
              "type" : "java.util.ArrayList",
              "value" : [ {
                "type" : "h11.Song",
                "fields" : [ {
                  "name" : "title",
                  "type" : "java.lang.String",
                  "value" : "Song 5",
                  "id" : 2
                }, {
                  "name" : "durationInSeconds",
                  "type" : "java.lang.Integer",
                  "value" : "0",
                  "id" : 3
                } ],
                "id" : 4
              }, {
                "type" : "h11.Song",
                "fields" : [ {
                  "name" : "title",
                  "type" : "java.lang.String",
                  "value" : "Song 6",
                  "id" : 5
                }, {
                  "name" : "durationInSeconds",
                  "type" : "java.lang.Integer",
                  "value" : "500",
                  "id" : 6
                } ],
                "id" : 7
              } ],
              "id" : 8
            } ],
            "id" : 9
          } ],
          "id" : 10
        } ],
        "id" : 11
      } ],
      "id" : 12
    }, {
      "name" : "users",
      "type" : "java.util.ArrayList",
      "value" : [ ],
      "id" : 13
    } ],
    "id" : 14
  } ],
  "expected" : {
    "type" : "java.util.stream.ReferencePipeline$Head",
    "fields" : [ ]
  }
} ]