[ {
  "invoked" : 2,
  "entryPoint" : "h11.Song#isLongerThan(int)",
  "arguments" : [ 0 ],
  "calls" : [ ],
  "objects" : [ {
    "type" : "h11.Song",
    "fields" : [ {
      "name" : "title",
      "type" : "java.lang.String",
      "value" : "Song 1",
      "id" : 1
    }, {
      "name" : "durationInSeconds",
      "type" : "java.lang.Integer",
      "value" : "100",
      "id" : 0
    } ],
    "id" : 2
  } ],
  "expected" : {
    "type" : "java.lang.Boolean",
    "value" : "false"
  }
}, {
  "invoked" : 3,
  "entryPoint" : "h11.Song#isLongerThan(int)",
  "arguments" : [ 0 ],
  "calls" : [ ],
  "objects" : [ {
    "type" : "h11.Song",
    "fields" : [ {
      "name" : "title",
      "type" : "java.lang.String",
      "value" : "Song 2",
      "id" : 1
    }, {
      "name" : "durationInSeconds",
      "type" : "java.lang.Integer",
      "value" : "200",
      "id" : 2
    } ],
    "id" : 3
  }, {
    "type" : "java.lang.Integer",
    "value" : "100",
    "id" : 0
  } ],
  "expected" : {
    "type" : "java.lang.Boolean",
    "value" : "true"
  }
}, {
  "invoked" : 3,
  "entryPoint" : "h11.Song#isLongerThan(int)",
  "arguments" : [ 0 ],
  "calls" : [ ],
  "objects" : [ {
    "type" : "h11.Song",
    "fields" : [ {
      "name" : "title",
      "type" : "java.lang.String",
      "value" : "Song 3",
      "id" : 1
    }, {
      "name" : "durationInSeconds",
      "type" : "java.lang.Integer",
      "value" : "300",
      "id" : 2
    } ],
    "id" : 3
  }, {
    "type" : "java.lang.Integer",
    "value" : "400",
    "id" : 0
  } ],
  "expected" : {
    "type" : "java.lang.Boolean",
    "value" : "false"
  }
}, {
  "invoked" : 2,
  "entryPoint" : "h11.Song#isLongerThan(int)",
  "arguments" : [ 0 ],
  "calls" : [ ],
  "objects" : [ {
    "type" : "h11.Song",
    "fields" : [ {
      "name" : "title",
      "type" : "java.lang.String",
      "value" : "Song 4",
      "id" : 1
    }, {
      "name" : "durationInSeconds",
      "type" : "java.lang.Integer",
      "value" : "400",
      "id" : 0
    } ],
    "id" : 2
  } ],
  "expected" : {
    "type" : "java.lang.Boolean",
    "value" : "false"
  }
}, {
  "invoked" : 3,
  "entryPoint" : "h11.Song#isLongerThan(int)",
  "arguments" : [ 0 ],
  "calls" : [ ],
  "objects" : [ {
    "type" : "h11.Song",
    "fields" : [ {
      "name" : "title",
      "type" : "java.lang.String",
      "value" : "Song 5",
      "id" : 1
    }, {
      "name" : "durationInSeconds",
      "type" : "java.lang.Integer",
      "value" : "0",
      "id" : 2
    } ],
    "id" : 3
  }, {
    "type" : "java.lang.Integer",
    "value" : "400",
    "id" : 0
  } ],
  "expected" : {
    "type" : "java.lang.Boolean",
    "value" : "false"
  }
}, {
  "invoked" : 3,
  "entryPoint" : "h11.Song#isLongerThan(int)",
  "arguments" : [ 0 ],
  "calls" : [ ],
  "objects" : [ {
    "type" : "h11.Song",
    "fields" : [ {
      "name" : "title",
      "type" : "java.lang.String",
      "value" : "Song 6",
      "id" : 1
    }, {
      "name" : "durationInSeconds",
      "type" : "java.lang.Integer",
      "value" : "500",
      "id" : 2
    } ],
    "id" : 3
  }, {
    "type" : "java.lang.Integer",
    "value" : "0",
    "id" : 0
  } ],
  "expected" : {
    "type" : "java.lang.Boolean",
    "value" : "true"
  }
} ]